{"cameraMode":{"drawMode":0,"name":"Shaded","section":"Shading Mode"},"sceneLighting":false,"audioPlay":false,"sceneViewState":{"showFog":true,"showMaterialUpdate":false,"showSkybox":false,"showFlares":true,"showImageEffects":true,"showParticleSystems":true},"in2DMode":false,"pivot":{"x":6.510694980621338,"y":-4.407705783843994,"z":7.985808372497559},"rotation":{"x":-0.14826062321662904,"y":-0.0023764907382428648,"z":0.0003562953497748822,"w":-0.9889443516731262},"size":0.7141428589820862,"orthographic":false}